{
    "Matching Score": 0.30329468237538315,
    "Matching Accuracy": 0.6180047939760703,
    "Repeatability": 0.5221536815582085,
    "ARAP Registration 2D Accuracy": [
        0.20779580976297637,
        0.3303131858851961,
        0.45663919377951845
    ],
    "ARAP Registration 3D Accuracy": [
        0.10765308306875725,
        0.2648252140311432,
        0.4650531677088857
    ],
    "ARAP Skipping": 313,
    "Skip Proportion": 0.7825
}