{
    "Matching Score": 0.2291822718797365,
    "Matching Accuracy": 0.49576051350946343,
    "Repeatability": 0.4958465771093941,
    "ARAP Registration 2D Accuracy": [
        0.25941823058602,
        0.40979713920828553,
        0.5612540566828513
    ],
    "ARAP Registration 3D Accuracy": [
        0.10703551941832132,
        0.27843756674067793,
        0.4833100505307621
    ],
    "ARAP Skipping": 297,
    "Skip Proportion": 0.7425
}