{
    "Matching Score": 0.15727574124891774,
    "Matching Accuracy": 0.4131254623051326,
    "Repeatability": 0.5985582599135675,
    "ARAP Registration 2D Accuracy": [
        0.3399292511507133,
        0.4336412675300054,
        0.49937206455118416
    ],
    "ARAP Registration 3D Accuracy": [
        0.2006948066928078,
        0.3445163169646176,
        0.46422919983366184
    ],
    "ARAP Skipping": 484,
    "Skip Proportion": 0.605
}