{
    "Matching Score": 0.008725567602219866,
    "Matching Accuracy": 0.039397867632051796,
    "Repeatability": 0.32182400261030564,
    "ARAP Registration 2D Accuracy": [
        0.0119614302404255,
        0.023327442433268723,
        0.04580430734625754
    ],
    "ARAP Registration 3D Accuracy": [
        0.016629788385969096,
        0.056799619574131356,
        0.11237128850406627
    ],
    "ARAP Skipping": 88,
    "Skip Proportion": 0.22
}