{
    "Matching Score": 0.16161020510769825,
    "Matching Accuracy": 0.46702229735089335,
    "Repeatability": 0.7148359024601245,
    "ARAP Registration 2D Accuracy": [
        0.19361441936928053,
        0.3105689070746378,
        0.4474078223840285
    ],
    "ARAP Registration 3D Accuracy": [
        0.1163212375310723,
        0.28307528617473365,
        0.5007107865514824
    ],
    "ARAP Skipping": 337,
    "Skip Proportion": 0.8425
}