{
    "Matching Score": 0.7742782152230971,
    "Matching Accuracy": 0.9161490683229814,
    "Repeatability": 0.8138297872340425,
    "ARAP Registration 2D Accuracy": [
        0.5948886639676113,
        0.8638663967611336,
        0.979251012145749
    ],
    "ARAP Registration 3D Accuracy": [
        0.20085362791865427,
        0.43936731107205623,
        0.7165453175997991
    ],
    "ARAP Skipping": 1,
    "Skip Proportion": 1.0
}