{
    "Matching Score": 0.19779244888912714,
    "Matching Accuracy": 0.4814932914927725,
    "Repeatability": 0.4207401120146465,
    "ARAP Registration 2D Accuracy": [
        0.10185728588835966,
        0.1707147348109449,
        0.2607051881842106
    ],
    "ARAP Registration 3D Accuracy": [
        0.05444731378198156,
        0.16374245642233562,
        0.3114578875669592
    ],
    "ARAP Skipping": 252,
    "Skip Proportion": 0.63
}